{"cameraMode":{"drawMode":0,"name":"Shaded","section":"Shading Mode"},"sceneLighting":false,"audioPlay":false,"sceneViewState":{"m_AlwaysRefresh":false,"showFog":true,"showSkybox":false,"showFlares":true,"showImageEffects":true,"showParticleSystems":true,"showVisualEffectGraphs":true,"m_FxEnabled":true},"in2DMode":false,"pivot":{"x":-2.34993839263916,"y":-0.25540900230407717,"z":-0.03890848159790039},"rotation":{"x":0.10419666767120362,"y":0.10719667375087738,"z":-0.011297168210148812,"w":0.9887003302574158},"size":3.9535529613494875,"orthographic":false}